{"stats":{"minecraft:used":{"minecraft:oak_fence":26,"minecraft:grass_block":48,"minecraft:repeater":11,"minecraft:observer":6,"minecraft:netherite_sword":58,"minecraft:moss_carpet":4,"minecraft:oak_boat":2,"minecraft:sticky_piston":8,"minecraft:bone_meal":4,"minecraft:sheep_spawn_egg":2,"minecraft:stone_bricks":46,"minecraft:command_block":41,"minecraft:barrel":6,"minecraft:red_wool":9,"minecraft:lever":4,"minecraft:red_bed":1,"minecraft:redstone_block":20,"minecraft:diamond_ore":7,"minecraft:redstone":45,"minecraft:dispenser":1,"minecraft:stone":115,"minecraft:oak_pressure_plate":16,"minecraft:potion":1,"minecraft:oak_sapling":1,"minecraft:end_rod":4,"minecraft:bedrock":1,"minecraft:armor_stand":1},"minecraft:custom":{"minecraft:time_since_rest":443,"minecraft:walk_one_cm":101182,"minecraft:leave_game":3,"minecraft:mob_kills":24,"minecraft:damage_taken":240,"minecraft:boat_one_cm":0,"minecraft:play_time":60283,"minecraft:damage_dealt":3694,"minecraft:jump":286,"minecraft:time_since_death":417,"minecraft:drop":2,"minecraft:open_barrel":12,"minecraft:sprint_one_cm":33393,"minecraft:inspect_dispenser":1,"minecraft:total_world_time":98241,"minecraft:fly_one_cm":76562,"minecraft:crouch_one_cm":1577,"minecraft:sneak_time":921,"minecraft:deaths":1},"minecraft:dropped":{"minecraft:sticky_piston":1,"minecraft:oak_pressure_plate":1},"minecraft:killed":{"minecraft:slime":10,"minecraft:husk":13,"minecraft:sheep":1},"minecraft:picked_up":{"minecraft:oak_pressure_plate":2,"minecraft:white_wool":1,"minecraft:slime_ball":12,"minecraft:sticky_piston":1,"minecraft:mutton":1,"minecraft:iron_ingot":1,"minecraft:rotten_flesh":9},"minecraft:killed_by":{"minecraft:husk":1}},"DataVersion":4435}